{"loss": 5.2485480308532715, "fm": {"adp": 0.0, "curve": {"_type": "histogram", "values": [0, 0, 0, 0, 0, 0, 0, 0, 0, 0, 0, 0, 0, 0, 0, 0, 256, 0, 0, 0, 0, 0, 0, 0, 0, 0, 0, 0, 0, 0, 0, 0], "bins": [-0.5, -0.46875, -0.4375, -0.40625, -0.375, -0.34375, -0.3125, -0.28125, -0.25, -0.21875, -0.1875, -0.15625, -0.125, -0.09375, -0.0625, -0.03125, 0.0, 0.03125, 0.0625, 0.09375, 0.125, 0.15625, 0.1875, 0.21875, 0.25, 0.28125, 0.3125, 0.34375, 0.375, 0.40625, 0.4375, 0.46875, 0.5]}}, "mae": 0.53853440284729, "wfm": 0.0, "sm": 0.46146559715270996, "_timestamp": 1681495843.204561, "_runtime": 7.647439956665039, "_step": 0, "_wandb": {"runtime": 11}}