{"loss": 2.515211343765259, "fm": 0.0, "mae": 0.2746826708316803, "wfm": 0.0, "sm": 0.7253173291683197, "_timestamp": 1681496062.492059, "_runtime": 55.73467302322388, "_step": 7, "_wandb": {"runtime": 54}}