{"loss": 4.058701515197754, "pixel_accuracy": 0.12740963697433472, "dice": 0.2260219156742096, "precision": 0.12740963697433472, "recall": 1.727088611014338e-11, "specificity": 1.0, "_timestamp": 1681487528.254236, "_runtime": 41.60930395126343, "_step": 1, "_wandb": {"runtime": 84}}