{"loss/": 5.150699615478516, "_timestamp": 1681468244.798248, "_runtime": 15.277270078659058, "_step": 0, "_wandb": {"runtime": 39}}