{"loss/": 5.150699615478516, "_timestamp": 1681468771.215644, "_runtime": 13.160697937011719, "_step": 0, "_wandb": {"runtime": 103}}