{"loss": 3.180088520050049, "mae": 0.2897556722164154, "sm": 0.7102443277835846, "_timestamp": 1688807066.6695702, "_runtime": 14.891040325164795, "_step": 8, "_wandb": {"runtime": 14}}