{"loss/": 5.150699615478516, "_timestamp": 1681468937.781585, "_runtime": 14.703073978424072, "_step": 0, "_wandb": {"runtime": 30}}