{"loss": 3.9861507415771484, "pixel_accuracy": Infinity, "_timestamp": 1681475652.857693, "_runtime": 22.915228843688965, "_step": 1, "_wandb": {"runtime": 29}}