{"loss": 3.1195759773254395, "mae": 0.4046315848827362, "sm": 0.5953684151172638, "_timestamp": 1681827845.4865139, "_runtime": 19.778872966766357, "_step": 3, "_wandb": {"runtime": 17}}